filename,315,135,538,360
color_1462637394542.jpg,268,85,624,334
color_1462637396718.jpg,259,123,448,360
color_1462637398281.jpg,259,123,448,360
color_1462637400450.jpg,259,123,448,360
color_1462637401910.jpg,259,123,448,360
color_1462637403379.jpg,259,123,448,360
color_1462637404847.jpg,259,123,448,360
color_1462637406378.jpg,259,123,448,360
color_1462637407912.jpg,265,125,443,360
color_1462637409465.jpg,265,125,443,360
color_1462637411068.jpg,265,125,443,360
color_1462637413059.jpg,265,125,443,360
color_1462637414730.jpg,265,125,443,360
color_1462637416677.jpg,265,125,443,360
color_1462637418431.jpg,265,125,443,360
color_1462637420644.jpg,257,125,447,360
color_1462637422205.jpg,256,123,449,360
color_1462637424032.jpg,302,123,495,360
color_1462637427065.jpg,302,123,495,360
color_1462637428742.jpg,302,123,495,360
color_1462637431711.jpg,302,123,495,360
color_1462637434322.jpg,265,123,458,360
color_1462637436859.jpg,128,125,390,346
color_1462637438326.jpg,126,118,394,349
color_1462637439986.jpg,120,123,390,346
color_1462637441561.jpg,1,135,252,358
color_1462637443419.jpg,1,135,252,358
color_1462637444901.jpg,80,138,413,358
color_1462637447566.jpg,163,150,360,358
color_1462637450462.jpg,86,151,425,330
color_1462637452529.jpg,86,151,425,330
color_1462637454252.jpg,86,151,425,330
color_1462637456533.jpg,88,152,430,312
color_1462637458435.jpg,88,152,302,317
color_1462637459941.jpg,88,152,420,317
color_1462637461563.jpg,88,152,420,317
color_1462637463173.jpg,101,142,433,307
color_1462637464887.jpg,88,139,420,309
color_1462637466413.jpg,88,139,420,309
color_1462637468124.jpg,88,139,420,309
color_1462637469976.jpg,81,133,421,319
color_1462637472092.jpg,116,124,404,328
color_1462637473660.jpg,116,124,404,328
color_1462637475880.jpg,116,124,404,328
color_1462637477653.jpg,116,124,404,328
color_1462637479370.jpg,116,124,404,328
color_1462637481073.jpg,12,121,263,355
color_1462637482493.jpg,12,121,263,355
color_1462637484541.jpg,11,118,258,360
color_1462637486784.jpg,11,118,258,360
color_1462637488250.jpg,11,118,258,360
color_1462637489826.jpg,11,118,258,360
color_1462637491260.jpg,11,118,258,360
color_1462637493286.jpg,79,118,353,350
color_1462637494852.jpg,79,118,377,350
color_1462637496337.jpg,79,118,377,350
color_1462637497892.jpg,74,118,380,353
color_1462637499330.jpg,74,118,380,353
color_1462637502111.jpg,253,116,455,338
color_1462637503659.jpg,262,121,464,343
color_1462637505257.jpg,266,122,468,344
color_1462637507534.jpg,266,122,468,344
color_1462637509017.jpg,266,122,468,344
color_1462637510857.jpg,273,129,475,351
color_1462637513039.jpg,291,134,473,360
color_1462637514416.jpg,291,134,473,360
color_1462637516766.jpg,291,134,473,360
color_1462637518198.jpg,291,134,473,360
color_1462637521160.jpg,291,134,473,360
color_1462637524170.jpg,131,133,324,359
color_1462637526835.jpg,143,134,336,360
color_1462637528260.jpg,141,133,334,359
color_1462637531136.jpg,38,136,283,360
color_1462637532532.jpg,38,136,283,360
color_1462637533925.jpg,38,136,283,360
color_1462637535326.jpg,38,136,283,360
color_1462637537340.jpg,38,136,283,360
color_1462637538954.jpg,145,136,416,360
color_1462637540418.jpg,145,136,416,360
color_1462637541895.jpg,145,136,416,360
color_1462637545984.jpg,106,170,474,341
color_1462637547371.jpg,106,170,474,341
color_1462637548988.jpg,106,170,474,341
color_1462637550379.jpg,106,170,474,341
color_1462637551847.jpg,106,170,474,341
color_1462637554666.jpg,106,170,474,341
color_1462637556383.jpg,106,170,474,341
color_1462637559627.jpg,205,155,419,360
color_1462637561405.jpg,104,149,435,360
color_1462637564458.jpg,275,146,477,360
color_1462637567149.jpg,275,132,477,360
color_1462637569758.jpg,275,132,477,360
color_1462637572617.jpg,275,130,477,360
color_1462637574214.jpg,275,126,477,360
color_1462637576062.jpg,275,130,477,360
color_1462637578226.jpg,275,130,477,360
color_1462637580377.jpg,278,120,473,360
color_1462637582560.jpg,176,120,416,357
color_1462637584626.jpg,176,120,416,357
color_1462637586364.jpg,128,128,432,299
color_1462637587942.jpg,128,128,432,299
color_1462637590390.jpg,128,128,432,299
color_1462637591839.jpg,128,128,432,299
color_1462637595801.jpg,81,120,301,350
color_1462637597540.jpg,84,117,323,360
color_1462637599058.jpg,169,114,458,337
color_1462637600579.jpg,169,114,458,337
color_1462637602001.jpg,169,114,458,337
color_1462637603437.jpg,169,114,458,337
color_1462637604906.jpg,169,114,458,337
color_1462637607275.jpg,169,114,458,337
color_1462637608692.jpg,169,114,458,337
color_1462637610144.jpg,172,117,461,338
color_1462637611577.jpg,172,117,461,338
color_1462637612985.jpg,172,117,461,338
color_1462637614530.jpg,172,117,461,338
color_1462637616088.jpg,172,117,461,338
color_1462637619168.jpg,172,117,461,338
color_1462637620790.jpg,172,117,461,338
color_1462637622660.jpg,315,135,538,360
